No. of Vertices,No. of Edges,Initial Cost,Final Cost,time(seconds)
10,11,4,2,0.00155973434448242
50,612,291,248,0.134605646133423
100,990,511,368,0.374754190444946
500,5000,2449,1742,43.3694369792938
1000,1500,444,212,74.0346477031708
